date,step_count,active_energy_kcal,exercise_minutes,resting_hr_bpm,hrv_ms,sleep_hours
2021-10-28,3477.0,,,,,
2021-10-29,2272.0,,,,,
2021-10-30,7319.0,,,,,
2021-10-31,1033.0,,,,,
2021-11-01,3107.0,,,,,
2021-11-02,750.0,,,,,
2021-11-03,694.0,,,,,
2021-11-04,927.0,,,,,
2021-11-05,2724.0,,,,,
2021-11-06,765.0,,,,,
2021-11-07,1026.0,,,,,
2021-11-08,4135.0,,,,,
2021-11-09,4151.0,,,,,
2021-11-10,4346.0,,,,,
2021-11-11,5087.0,,,,,
2021-11-12,5570.0,,,,,
2021-11-13,8083.0,,,,,
2021-11-14,3423.0,,,,,
2021-11-15,3646.0,,,,,
2021-11-16,3931.0,,,,,
2021-11-17,1370.0,,,,,
2021-11-18,1418.0,,,,,
2021-11-19,6422.0,,,,,
2021-11-20,1263.0,,,,,
2021-11-21,5800.0,,,,,
2021-11-22,5028.0,,,,,
2021-11-23,4776.0,,,,,
2021-11-24,4247.0,,,,,
2021-11-25,5242.0,,,,,
2021-11-26,4426.0,,,,,
2021-11-27,6963.0,,,,,
2021-11-28,12687.0,,,,,
2021-11-29,5113.0,,,,,
2021-11-30,2010.0,,,,,
2021-12-01,3658.0,,,,,
2021-12-02,4593.0,,,,,
2021-12-03,3631.0,,,,,
2021-12-04,3389.0,,,,,
2021-12-05,2370.0,,,,,
2021-12-06,8065.0,,,,,
2021-12-07,4854.0,,,,,
2021-12-08,6126.0,,,,,
2021-12-09,4153.0,,,,,
2021-12-10,4425.0,,,,,
2021-12-11,2622.0,,,,,
2021-12-12,1155.0,,,,,
2021-12-13,6050.0,,,,,
2021-12-14,4802.0,,,,,
2021-12-15,5156.0,,,,,
2021-12-16,4565.0,,,,,
2021-12-17,4507.0,,,,,
2021-12-18,4562.0,,,,,
2021-12-19,5334.0,,,,,
2021-12-20,5187.0,,,,,
2021-12-21,4593.0,,,,,
2021-12-22,4052.0,,,,,
2021-12-23,5609.0,,,,,
2021-12-24,4465.0,,,,,
2021-12-25,7559.0,,,,,
2021-12-26,1029.0,,,,,
2021-12-27,5631.0,,,,,
2021-12-28,5141.0,,,,,
2021-12-29,4911.0,,,,,
2021-12-30,4311.0,,,,,
2021-12-31,4325.0,,,,,
2022-01-01,490.0,,,,,
2022-01-02,569.0,,,,,
2022-01-03,4430.0,,,,,
2022-01-04,4115.0,,,,,
2022-01-05,3759.0,,,,,
2022-01-06,4818.0,,,,,
2022-01-07,4639.0,,,,,
2022-01-08,2290.0,,,,,
2022-01-09,732.0,,,,,
2022-01-10,4589.0,,,,,
2022-01-11,4689.0,,,,,
2022-01-12,4180.0,,,,,
2022-01-13,4227.0,,,,,
2022-01-14,8565.0,,,,,
2022-01-15,4047.0,,,,,
2022-01-16,14780.0,,,,,
2022-01-17,6271.0,,,,,
2022-01-18,4899.0,,,,,
2022-01-19,10718.0,,,,,
2022-01-20,7330.0,,,,,
2022-01-21,7230.0,,,,,
2022-01-22,839.0,,,,,
2022-01-23,4606.0,,,,,
2022-01-24,1739.0,,,,,
2022-01-25,897.0,,,,,
2022-01-26,1951.0,,,,,
2022-01-27,1199.0,,,,,
2022-01-28,3791.0,,,,,
2022-01-29,618.0,,,,,
2022-01-30,6100.0,,,,,
2022-01-31,2032.0,,,,,
2022-02-01,13913.0,,,,,
2022-02-02,5631.0,,,,,
2022-02-03,1517.0,,,,,
2022-02-04,3731.0,,,,,
2022-02-05,5829.0,,,,,
2022-02-06,1215.0,,,,,
2022-02-07,17008.0,,,,,
2022-02-08,5742.0,,,,,
2022-02-09,4659.0,,,,,
2022-02-10,3886.0,,,,,
2022-02-11,4926.0,,,,,
2022-02-12,4428.0,,,,,
2022-02-13,7387.0,,,,,
2022-02-14,4391.0,,,,,
2022-02-15,4328.0,,,,,
2022-02-16,4445.0,,,,,
2022-02-17,10524.0,,,,,
2022-02-18,3975.0,,,,,
2022-02-19,5528.0,,,,,
2022-02-20,7146.0,,,,,
2022-02-21,4150.0,,,,,
2022-02-22,5023.0,,,,,
2022-02-23,5263.0,,,,,
2022-02-24,4586.0,,,,,
2022-02-25,4058.0,,,,,
2022-02-26,8875.0,,,,,
2022-02-27,4906.0,,,,,
2022-02-28,5920.0,,,,,
2022-03-01,5597.0,,,,,
2022-03-02,6951.0,,,,,
2022-03-03,10097.0,,,,,
2022-03-04,4059.0,,,,,
2022-03-05,8453.0,,,,,
2022-03-06,3953.0,,,,,
2022-03-07,5521.0,,,,,
2022-03-08,4606.0,,,,,
2022-03-09,5616.0,,,,,
2022-03-10,883.0,,,,,
2022-03-11,593.0,,,,,
2022-03-12,759.0,,,,,
2022-03-13,5295.0,,,,,
2022-03-14,7604.0,,,,,
2022-03-15,5388.0,,,,,
2022-03-16,4969.0,,,,,
2022-03-17,4288.0,,,,,
2022-03-18,538.0,,,,,
2022-03-19,910.0,,,,,
2022-03-20,889.0,,,,,
2022-03-21,7139.0,,,,,
2022-03-22,4512.0,,,,,
2022-03-23,8117.0,,,,,
2022-03-24,4801.0,,,,,
2022-03-25,5139.0,,,,,
2022-03-26,1869.0,,,,,
2022-03-27,6707.0,,,,,
2022-03-28,9898.0,,,,,
2022-03-29,7956.0,,,,,
2022-03-30,4801.0,,,,,
2022-03-31,11850.0,,,,,
2022-04-01,7807.0,,,,,
2022-04-02,2234.0,,,,,
2022-04-03,13023.0,,,,,
2022-04-04,3738.0,,,,,
2022-04-05,11006.0,,,,,
2022-04-06,6246.0,,,,,
2022-04-07,9908.0,,,,,
2022-04-08,7166.0,,,,,
2022-04-09,7955.0,,,,,
2022-04-10,6182.0,,,,,
2022-04-11,11403.0,,,,,
2022-04-12,14062.0,,,,,
2022-04-13,3767.0,,,,,
2022-04-14,901.0,,,,,
2022-04-15,3400.0,,,,,
2022-04-16,3267.0,,,,,
2022-04-17,15533.0,,,,,
2022-04-18,4102.0,,,,,
2022-04-19,4705.0,,,,,
2022-04-20,9677.0,,,,,
2022-04-21,4159.0,,,,,
2022-04-22,3784.0,,,,,
2022-04-23,12007.0,,,,,
2022-04-24,7980.0,,,,,
2022-04-25,5554.0,,,,,
2022-04-26,3945.0,,,,,
2022-04-27,5998.0,,,,,
2022-04-28,12506.0,,,,,
2022-04-29,7053.0,,,,,
2022-04-30,4045.0,,,,,
2022-05-01,4810.0,,,,,
2022-05-02,2091.0,,,,,
2022-05-03,1247.0,,,,,
2022-05-04,15508.0,,,,,
2022-05-05,10319.0,,,,,
2022-05-06,14703.0,,,,,
2022-05-07,4103.0,,,,,
2022-05-08,6359.0,,,,,
2022-05-09,4162.0,,,,,
2022-05-10,4426.0,,,,,
2022-05-11,6662.0,,,,,
2022-05-12,4453.0,,,,,
2022-05-13,12172.0,,,,,
2022-05-14,9649.0,,,,,
2022-05-15,4506.0,,,,,
2022-05-16,3866.0,,,,,
2022-05-17,7442.0,,,,,
2022-05-18,13830.0,,,,,
2022-05-19,11221.0,,,,,
2022-05-20,5242.0,,,,,
2022-05-21,7487.0,,,,,
2022-05-22,2867.0,,,,,
2022-05-23,5153.0,,,,,
2022-05-24,11069.0,,,,,
2022-05-25,7183.0,,,,,
2022-05-26,3979.0,,,,,
2022-05-27,3199.0,,,,,
2022-05-28,5104.0,,,,,
2022-05-29,5366.0,,,,,
2022-05-30,4743.0,,,,,
2022-05-31,5997.0,,,,,
2022-06-01,4770.0,,,,,
2022-06-02,5023.0,,,,,
2022-06-03,4818.0,,,,,
2022-06-04,10334.0,,,,,
2022-06-05,4567.0,,,,,
2022-06-06,4639.0,,,,,
2022-06-07,5552.0,,,,,
2022-06-08,8163.0,,,,,
2022-06-09,4920.0,,,,,
2022-06-10,12205.0,,,,,
2022-06-11,5833.0,,,,,
2022-06-12,11213.0,,,,,
2022-06-13,10060.0,,,,,
2022-06-14,9485.0,,,,,
2022-06-15,7411.0,,,,,
2022-06-16,11129.0,,,,,
2022-06-17,13126.0,,,,,
2022-06-18,7112.0,,,,,
2022-06-19,3106.0,,,,,
2022-06-20,1508.0,,,,,
2022-06-21,12452.0,,,,,
2022-06-22,6120.0,,,,,
2022-06-23,5670.0,,,,,
2022-06-24,12027.0,,,,,
2022-06-25,17367.0,,,,,
2022-06-26,11140.0,,,,,
2022-06-27,3441.0,,,,,
2022-06-28,9798.0,,,,,
2022-06-29,10219.0,,,,,
2022-06-30,766.0,,,,,
2022-07-01,13099.0,,,,,
2022-07-02,6328.0,,,,,
2022-07-03,7114.0,,,,,
2022-07-04,11517.0,,,,,
2022-07-05,11643.0,,,,,
2022-07-06,10309.0,,,,,
2022-07-07,10108.0,,,,,
2022-07-08,2758.0,,,,,
2022-07-09,870.0,,,,,
2022-07-10,1128.0,,,,,
2022-07-11,2905.0,,,,,
2022-07-12,5217.0,,,,,
2022-07-13,2812.0,,,,,
2022-07-14,3146.0,,,,,
2022-07-15,3192.0,,,,,
2022-07-16,9713.0,,,,,
2022-07-17,3981.0,,,,,
2022-07-18,3622.0,,,,,
2022-07-19,11306.0,,,,,
2022-07-20,2208.0,,,,,
2022-07-21,1352.0,,,,,
2022-07-22,23538.0,,,,,
2022-07-23,6948.0,,,,,
2022-07-24,3884.0,,,,,
2022-07-25,13944.0,,,,,
2022-07-26,974.0,,,,,
2022-07-27,6169.0,,,,,
2022-07-28,824.0,,,,,
2022-07-29,1207.0,,,,,
2022-07-30,11037.0,,,,,
2022-07-31,12283.0,,,,,
2022-08-01,2328.0,,,,,
2022-08-02,6724.0,,,,,
2022-08-03,4946.0,,,,,
2022-08-04,8107.0,,,,,
2022-08-05,1330.0,,,,,
2022-08-06,2180.0,,,,,
2022-08-07,2009.0,,,,,
2022-08-08,620.0,,,,,
2022-08-09,11054.0,,,,,
2022-08-10,5377.0,,,,,
2022-08-11,2916.0,,,,,
2022-08-12,5852.0,,,,,
2022-08-13,2164.0,,,,,
2022-08-14,5247.0,,,,,
2022-08-15,984.0,,,,,
2022-08-16,2547.0,,,,,
2022-08-17,5109.0,,,,,
2022-08-18,3051.0,,,,,
2022-08-19,8291.0,,,,,
2022-08-20,2778.0,,,,,
2022-08-21,2792.0,,,,,
2022-08-22,12094.0,,,,,
2022-08-23,2177.0,,,,,
2022-08-24,4972.0,,,,,
2022-08-25,842.0,,,,,
2022-08-26,3645.0,,,,,
2022-08-27,3306.0,,,,,
2022-08-28,7068.0,,,,,
2022-08-29,3299.0,,,,,
2022-08-30,2847.0,,,,,
2022-08-31,6825.0,,,,,
2022-09-01,14608.0,,,,,
2022-09-02,3349.0,,,,,
2022-09-03,9031.0,,,,,
2022-09-04,3970.0,,,,,
2022-09-05,1653.0,,,,,
2022-09-06,3465.0,,,,,
2022-09-07,3284.0,,,,,
2022-09-08,7487.0,,,,,
2022-09-09,8060.0,,,,,
2022-09-10,7166.0,,,,,
2022-09-11,3321.0,,,,,
2022-09-12,7784.0,,,,,
2022-09-13,8319.0,,,,,
2022-09-14,6603.0,,,,,
2022-09-15,5137.0,,,,,
2022-09-16,8682.0,,,,,
2022-09-17,8904.0,,,,,
2022-09-18,4019.0,,,,,
2022-09-19,4750.0,,,,,
2022-09-20,6736.0,,,,,
2022-09-21,7357.0,,,,,
2022-09-22,4466.0,,,,,
2022-09-23,6090.0,,,,,
2022-09-24,5257.0,,,,,
2022-09-25,14487.0,,,,,
2022-09-26,5818.0,,,,,
2022-09-27,2614.0,,,,,
2022-09-28,10796.0,,,,,
2022-09-29,7760.0,2.5,,,,
2022-09-30,3704.0,77.0,,,,
2022-10-01,1966.0,44.4,,,,
2022-10-02,3201.0,54.5,,,,
2022-10-03,1840.0,49.4,,,,
2022-10-04,2452.0,66.1,,,,
2022-10-05,4388.0,78.0,,,,
2022-10-06,2466.0,60.1,,,,
2022-10-07,4611.0,101.7,,,,
2022-10-08,9504.0,254.1,,,,
2022-10-09,8893.0,211.1,,,,
2022-10-10,8513.0,170.0,,,,
2022-10-11,2932.0,68.8,,,,
2022-10-12,7269.0,153.6,,,,
2022-10-13,2611.0,62.9,,,,
2022-10-14,5738.0,129.0,,,,
2022-10-15,1343.0,29.1,,,,
2022-10-16,5174.0,129.2,,,,
2022-10-17,4196.0,87.1,,,,
2022-10-18,2213.0,49.1,,,,
2022-10-19,3482.0,61.4,,,,
2022-10-20,4403.0,89.1,,,,
2022-10-21,5915.0,109.6,,,,
2022-10-22,1789.0,45.9,,,,
2022-10-23,4414.0,98.7,,,,
2022-10-24,7537.0,141.8,,,,
2022-10-25,2453.0,44.8,,,,
2022-10-26,3692.0,65.1,,,,
2022-10-27,2972.0,69.8,,,,
2022-10-28,8714.0,171.4,,,,
2022-10-29,12555.0,297.7,,,,
2022-10-30,2007.0,35.9,,,,
2022-10-31,2858.0,47.8,,,,
2022-11-01,1937.0,41.8,,,,
2022-11-02,6505.0,133.3,,,,
2022-11-03,3698.0,74.4,,,,
2022-11-04,7095.0,147.2,,,,
2022-11-05,1398.0,22.5,,,,
2022-11-06,1258.0,26.1,,,,
2022-11-07,3436.0,66.0,,,,
2022-11-08,2706.0,55.4,,,,
2022-11-09,7645.0,163.4,,,,
2022-11-10,4439.0,92.9,,,,
2022-11-11,7952.0,158.8,,,,
2022-11-12,1195.0,25.7,,,,
2022-11-13,6751.0,176.2,,,,
2022-11-14,3990.0,92.5,,,,
2022-11-15,4174.0,100.1,,,,
2022-11-16,7291.0,167.8,,,,
2022-11-17,1887.0,38.3,,,,
2022-11-18,14730.0,300.6,,,,
2022-11-19,3486.0,73.4,,,,
2022-11-20,8111.0,193.6,,,,
2022-11-21,7391.0,150.0,,,,
2022-11-22,1656.0,39.7,,,,
2022-11-23,7327.0,153.3,,,,
2022-11-24,2678.0,49.1,,,,
2022-11-25,6540.0,117.3,,,,
2022-11-26,2320.0,59.1,,,,
2022-11-27,7321.0,167.7,,,,
2022-11-28,3281.0,60.9,,,,
2022-11-29,4355.0,99.7,,,,
2022-11-30,4356.0,80.1,,,,
2022-12-01,3195.0,73.4,,,,
2022-12-02,1578.0,22.6,,,,
2022-12-03,154.0,0.6,,,,
2022-12-04,502.0,6.4,,,,
2022-12-05,2578.0,50.4,,,,
2022-12-06,12728.0,243.0,,,,
2022-12-07,14713.0,320.3,,,,
2022-12-08,2006.0,49.4,,,,
2022-12-09,3155.0,55.9,,,,
2022-12-10,4035.0,94.6,,,,
2022-12-11,1903.0,41.7,,,,
2022-12-12,3636.0,70.5,,,,
2022-12-13,3462.0,62.0,,,,
2022-12-14,7599.0,157.4,,,,
2022-12-15,3440.0,72.2,,,,
2022-12-16,10155.0,187.9,,,,
2022-12-17,3024.0,75.0,,,,
2022-12-18,8723.0,174.1,,,,
2022-12-19,8099.0,138.6,,,,
2022-12-20,4422.0,101.9,,,,
2022-12-21,4736.0,86.7,,,,
2022-12-22,5021.0,105.6,,,,
2022-12-23,6197.0,121.6,,,,
2022-12-24,4242.0,96.5,,,,
2022-12-25,9719.0,220.1,,,,
2022-12-26,4707.0,90.7,,,,
2022-12-27,2631.0,48.8,,,,
2022-12-28,5211.0,99.8,,,,
2022-12-29,10170.0,223.1,,,,
2022-12-30,4038.0,68.3,,,,
2022-12-31,4721.0,89.9,,,,
2023-01-01,686.0,6.7,,,,
2023-01-02,3221.0,72.7,,,,
2023-01-03,3820.0,84.3,,,,
2023-01-04,2908.0,63.6,,,,
2023-01-05,4203.0,109.9,,,,
2023-01-06,3327.0,69.5,,,,
2023-01-07,8960.0,192.0,,,,
2023-01-08,512.0,5.5,,,,
2023-01-09,4637.0,100.4,,,,
2023-01-10,5090.0,112.0,,,,
2023-01-11,9248.0,191.3,,,,
2023-01-12,6217.0,145.1,,,,
2023-01-13,11357.0,239.3,,,,
2023-01-14,1513.0,33.4,,,,
2023-01-15,927.0,10.1,,,,
2023-01-16,6758.0,141.2,,,,
2023-01-17,1689.0,30.2,,,,
2023-01-18,9671.0,220.9,,,,
2023-01-19,2997.0,89.7,,,,
2023-01-20,9659.0,231.8,,,,
2023-01-21,7283.0,160.9,,,,
2023-01-22,2683.0,58.3,,,,
2023-01-23,8413.0,185.3,,,,
2023-01-24,5835.0,134.4,,,,
2023-01-25,5241.0,95.4,,,,
2023-01-26,2535.0,67.9,,,,
2023-01-27,17984.0,391.4,,,,
2023-01-28,4848.0,100.5,,,,
2023-01-29,5374.0,126.2,,,,
2023-01-30,6409.0,126.5,,,,
2023-01-31,12724.0,262.9,,,,
2023-02-01,14203.0,313.2,,,,
2023-02-02,13620.0,338.9,,,,
2023-02-03,10399.0,251.6,,,,
2023-02-04,1340.0,4.3,,,,
2023-02-05,812.0,13.2,,,,
2023-02-06,1509.0,28.5,,,,
2023-02-07,774.0,10.3,,,,
2023-02-08,866.0,9.9,,,,
2023-02-09,4449.0,101.7,,,,
2023-02-10,6729.0,157.1,,,,
2023-02-11,484.0,6.6,,,,
2023-02-12,7481.0,157.7,,,,
2023-02-13,9133.0,215.2,,,,
2023-02-14,11086.0,269.0,,,,
2023-02-15,10922.0,227.2,,,,
2023-02-16,1462.0,29.6,,,,
2023-02-17,12154.0,286.9,,,,
2023-02-18,4156.0,85.2,,,,
2023-02-19,1351.0,24.0,,,,
2023-02-20,8909.0,165.9,,,,
2023-02-21,4551.0,102.5,,,,
2023-02-22,4988.0,107.2,,,,
2023-02-23,3774.0,79.4,,,,
2023-02-24,4164.0,90.1,,,,
2023-02-25,3348.0,82.0,,,,
2023-02-26,4240.0,113.1,,,,
2023-02-27,4913.0,108.1,,,,
2023-02-28,3618.0,87.4,,,,
2023-03-01,4995.0,120.9,,,,
2023-03-02,4130.0,98.1,,,,
2023-03-03,4884.0,96.6,,,,
2023-03-04,2899.0,77.0,,,,
2023-03-05,17174.0,407.4,,,,
2023-03-06,8251.0,194.3,,,,
2023-03-07,6081.0,137.5,,,,
2023-03-08,4409.0,100.6,,,,
2023-03-09,7181.0,210.0,,,,
2023-03-10,4499.0,100.8,,,,
2023-03-11,1921.0,49.7,,,,
2023-03-12,5337.0,109.9,,,,
2023-03-13,4252.0,104.2,,,,
2023-03-14,3969.0,83.9,,,,
2023-03-15,5577.0,129.5,,,,
2023-03-16,5506.0,128.7,,,,
2023-03-17,6340.0,123.9,,,,
2023-03-18,7688.0,182.5,,,,
2023-03-19,2338.0,70.0,,,,
2023-03-20,7157.0,182.5,,,,
2023-03-21,5957.0,135.8,,,,
2023-03-22,4679.0,104.9,,,,
2023-03-23,4411.0,98.8,,,,
2023-03-24,7424.0,188.3,,,,
2023-03-25,3182.0,67.8,,,,
2023-03-26,9221.0,200.0,,,,
2023-03-27,6737.0,153.9,,,,
2023-03-28,4718.0,111.4,,,,
2023-03-29,3727.0,84.5,,,,
2023-03-30,6724.0,153.8,,,,
2023-03-31,5005.0,183.0,2.0,67.0,56.71,
2023-04-01,13849.0,406.7,46.0,59.0,61.9,
2023-04-02,3557.0,196.3,1.0,59.0,66.52,
2023-04-03,9751.0,305.4,20.0,56.0,69.51,
2023-04-04,9959.0,388.4,15.0,59.0,70.4,
2023-04-05,9556.0,387.6,16.0,59.0,73.82,
2023-04-06,11365.0,416.8,26.0,64.0,63.68,
2023-04-07,10864.0,401.4,34.0,63.0,53.7,
2023-04-08,14850.0,457.7,51.0,62.0,61.66,
2023-04-09,20650.0,526.5,40.0,63.0,55.96,
2023-04-10,11644.0,428.2,19.0,67.0,72.2,
2023-04-11,9573.0,418.4,23.0,63.0,71.79,
2023-04-12,19372.0,424.0,24.0,63.0,48.94,
2023-04-13,16808.0,376.5,31.0,67.0,54.05,
2023-04-14,20091.0,486.5,68.0,72.0,55.09,
2023-04-15,26565.0,549.9,74.0,92.0,54.01,
2023-04-16,6699.0,377.2,22.0,63.0,58.03,
2023-04-17,8555.0,245.1,16.0,59.0,65.08,
2023-04-18,7469.0,249.8,7.0,60.0,58.75,
2023-04-19,13856.0,348.1,42.0,58.0,59.99,
2023-04-20,2975.0,183.2,,58.0,70.46,
2023-04-21,3543.0,167.2,10.0,60.0,69.7,
2023-04-22,14357.0,326.1,21.0,59.0,58.14,
2023-04-23,17127.0,450.5,36.0,54.0,66.16,
2023-04-24,14033.0,345.2,30.0,58.0,56.33,
2023-04-25,9774.0,355.7,20.0,59.0,45.48,
2023-04-26,15616.0,364.0,40.0,58.0,61.37,
2023-04-27,11507.0,353.1,21.0,62.0,58.17,
2023-04-28,19953.0,473.0,43.0,59.0,56.18,
2023-04-29,21487.0,499.4,75.0,58.0,69.86,
2023-04-30,4443.0,203.3,12.0,59.0,67.59,
2023-05-01,8217.0,218.5,19.0,59.0,69.25,
2023-05-02,18525.0,462.8,61.0,70.0,59.91,
2023-05-03,18905.0,414.5,49.0,59.0,66.41,
2023-05-04,9012.0,379.0,17.0,64.0,56.42,
2023-05-05,11755.0,216.7,27.0,66.0,44.95,
2023-05-06,9297.0,280.1,14.0,67.0,54.38,
2023-05-07,5250.0,266.5,10.0,63.0,66.45,
2023-05-08,3807.0,7.1,,,,
2023-05-09,7819.0,324.9,17.0,59.0,74.09,
2023-05-10,11568.0,341.9,41.0,63.0,53.55,
2023-05-11,8804.0,328.1,23.0,63.0,73.85,
2023-05-12,10382.0,331.2,23.0,63.0,57.08,
2023-05-13,14863.0,363.0,28.0,60.0,62.04,
2023-05-14,6833.0,257.4,15.0,59.0,65.39,
2023-05-15,10438.0,325.9,21.0,63.0,58.06,
2023-05-16,9496.0,278.2,14.0,59.0,61.64,
2023-05-17,19122.0,422.1,36.0,59.0,62.85,
2023-05-18,12123.0,373.2,24.0,59.0,47.26,
2023-05-19,29891.0,726.6,83.0,59.0,55.54,
2023-05-20,22170.0,659.5,63.0,58.0,46.34,
2023-05-21,32031.0,725.8,76.0,68.0,58.87,
2023-05-22,10537.0,203.3,16.0,58.0,106.67,
2023-05-23,4937.0,,,,,
2023-05-24,21286.0,477.1,47.0,64.0,60.21,
2023-05-25,7199.0,287.9,21.0,58.0,66.04,
2023-05-26,9139.0,249.5,17.0,53.0,68.68,
2023-05-27,1457.0,25.6,,53.0,101.17,
2023-05-28,870.0,,,,,
2023-05-29,27463.0,579.2,101.0,62.0,74.15,
2023-05-30,9670.0,286.0,16.0,54.0,81.52,
2023-05-31,10976.0,357.0,26.0,55.0,59.62,
2023-06-01,8886.0,266.3,16.0,56.0,61.94,
2023-06-02,10847.0,327.8,19.0,55.0,57.39,
2023-06-03,19681.0,382.9,48.0,52.0,39.59,
2023-06-04,951.0,,,,,
2023-06-05,6849.0,179.9,6.0,63.0,64.22,
2023-06-06,8134.0,274.6,18.0,54.0,61.33,
2023-06-07,6509.0,180.3,14.0,66.0,47.76,
2023-06-08,6631.0,175.8,7.0,71.0,71.54,
2023-06-09,9719.0,69.1,,67.0,63.23,
2023-06-10,26028.0,697.9,64.0,58.0,60.17,
2023-06-11,28074.0,786.0,87.0,63.0,40.7,
2023-06-12,23725.0,695.9,76.0,59.0,92.19,
2023-06-13,15744.0,207.6,23.0,54.0,76.78,
2023-06-14,892.0,,,,,
2023-06-15,44510.0,902.0,129.0,72.0,57.96,
2023-06-16,22678.0,454.5,68.0,58.0,71.74,
2023-06-17,10425.0,224.8,30.0,65.0,98.6,
2023-06-18,19560.0,104.7,15.0,,,
2023-06-19,32574.0,589.1,95.0,67.0,63.13,
2023-06-20,2655.0,4.9,,55.0,64.54,
2023-06-21,14136.0,228.9,25.0,79.0,43.7,
2023-06-22,3814.0,162.7,,64.0,60.73,
2023-06-23,25542.0,532.0,59.0,54.0,65.04,
2023-06-24,2963.0,,,,,
2023-06-25,2219.0,,,,,
2023-06-26,669.0,,,,,
2023-06-27,2756.0,180.6,1.0,70.0,65.11,
2023-06-28,4205.0,183.8,5.0,58.0,63.51,
2023-06-29,12548.0,330.6,19.0,54.0,68.74,
2023-06-30,797.0,9.3,,71.0,,
2023-07-01,12805.0,247.9,41.0,75.5,72.16,
2023-07-02,1361.0,0.1,,,,
2023-07-03,1380.0,,,,,
2023-07-04,20885.0,200.0,38.0,,32.92,
2023-07-05,17788.0,,,,,
2023-07-06,21576.0,519.8,71.0,71.0,43.66,
2023-07-07,23672.0,348.1,38.0,80.0,38.5,
2023-07-08,19169.0,353.0,55.0,66.0,62.9,
2023-07-09,40860.0,765.7,104.0,67.0,53.81,
2023-07-10,15176.0,316.2,16.0,59.0,61.43,
2023-07-11,4322.0,0.1,,,,
2023-07-12,12485.0,207.2,16.0,60.0,49.83,
2023-07-13,8027.0,243.2,3.0,53.0,53.43,
2023-07-14,5248.0,69.7,,84.0,39.3,
2023-07-15,6849.0,334.2,8.0,54.0,53.96,
2023-07-16,4725.0,,,,,
2023-07-17,21295.0,562.1,44.0,74.0,44.56,
2023-07-18,9123.0,178.7,14.0,83.0,38.34,
2023-07-19,6376.0,,,,,
2023-07-20,10813.0,,,,,
2023-07-21,1192.0,,,,,
2023-07-22,8480.0,,,,,
2023-07-23,5713.0,174.9,16.0,79.0,42.58,
2023-07-24,10222.0,278.1,13.0,72.0,57.95,
2023-07-25,14215.0,357.7,34.0,59.0,46.33,
2023-07-26,6172.0,194.2,6.0,64.0,51.21,
2023-07-27,10899.0,282.6,27.0,58.0,52.3,
2023-07-28,15844.0,426.0,33.0,71.0,41.88,
2023-07-29,6493.0,215.4,6.0,59.0,66.93,
2023-07-30,5952.0,260.2,10.0,58.0,53.23,
2023-07-31,16822.0,358.4,32.0,58.0,45.67,
2023-08-01,304.0,,,,,
2023-08-02,2459.0,25.1,,64.0,63.39,
2023-08-03,17479.0,481.2,61.0,63.0,40.23,
2023-08-04,1966.0,70.5,11.0,65.0,101.16,
2023-08-05,30610.0,626.2,62.0,98.0,26.06,
2023-08-06,8821.0,242.5,26.0,73.0,36.35,
2023-08-07,842.0,,,,,
2023-08-08,4944.0,,,,,
2023-08-09,4090.0,,,,,
2023-08-10,1945.0,,,,,
2023-08-11,9468.0,332.0,31.0,82.0,29.24,
2023-08-12,7621.0,230.1,16.0,65.0,43.98,
2023-08-13,15061.0,382.2,42.0,59.0,78.23,
2023-08-14,25630.0,501.0,54.0,83.0,41.47,
2023-08-15,7413.0,300.1,23.0,77.0,50.56,
2023-08-16,12181.0,354.0,46.0,72.0,46.8,
2023-08-17,5557.0,,,,,
2023-08-18,18245.0,294.4,26.0,73.0,46.83,
2023-08-19,14063.0,407.4,43.0,67.0,61.78,
2023-08-20,7079.0,1.1,1.0,,,
2023-08-21,1567.0,49.9,2.0,67.0,38.15,
2023-08-22,11699.0,196.7,22.0,100.0,20.73,
2023-08-23,4059.0,,,,,
2023-08-24,3057.0,,,,,
2023-08-25,12784.0,403.2,38.0,71.0,51.96,
2023-08-26,26026.0,524.6,73.0,83.0,31.49,
2023-08-27,443.0,1.0,1.0,,,
2023-08-28,4614.0,137.6,8.0,74.0,42.87,
2023-08-29,11165.0,248.3,34.0,71.0,55.94,
2023-08-30,33673.0,610.4,79.0,77.0,31.79,
2023-08-31,18360.0,459.8,59.0,71.0,42.21,
2023-09-01,2465.0,,,,,
2023-09-02,6853.0,,,,,
2023-09-03,10231.0,319.4,27.0,69.0,63.03,
2023-09-04,35755.0,602.0,92.0,84.0,42.72,
2023-09-05,527.0,,,,,
2023-09-06,4054.0,122.1,6.0,63.0,25.43,
2023-09-07,19231.0,393.7,44.0,83.0,35.67,
2023-09-08,13251.0,441.6,29.0,52.0,63.61,
2023-09-09,7754.0,284.4,21.0,51.0,73.89,
2023-09-10,4816.0,,,,,
2023-09-11,12648.0,410.2,37.0,66.0,50.13,
2023-09-12,6644.0,280.4,17.0,67.0,58.79,
2023-09-13,7832.0,383.0,21.0,53.0,61.77,
2023-09-14,16357.0,463.2,61.0,71.0,42.73,
2023-09-15,10176.0,337.6,33.0,72.0,42.49,
2023-09-16,23145.0,455.7,64.0,68.0,62.17,
2023-09-17,20520.0,397.6,57.0,72.0,45.41,
2023-09-18,4440.0,131.9,1.0,59.0,74.54,
2023-09-19,5658.0,293.7,13.0,68.0,50.46,
2023-09-20,5307.0,152.1,8.0,72.0,52.32,
2023-09-21,12827.0,258.8,23.0,76.0,80.21,
2023-09-22,6622.0,107.1,14.0,90.0,43.63,
2023-09-23,30033.0,710.1,94.0,71.0,29.24,
2023-09-24,3621.0,77.8,12.0,72.0,30.3,
2023-09-25,8467.0,106.8,5.0,82.0,42.51,
2023-09-26,4090.0,,,,,
2023-09-27,4897.0,,,,,
2023-09-28,8304.0,402.6,22.0,75.0,26.8,
2023-09-29,5182.0,171.9,7.0,79.0,32.74,
2023-09-30,8455.0,,,,,
2023-10-01,2304.0,,,,,
2023-10-02,3239.0,,,,,
2023-10-03,6660.0,342.4,20.0,80.0,30.36,
2023-10-04,11620.0,399.2,26.0,81.0,44.77,
2023-10-05,13490.0,480.4,39.0,66.0,46.32,
2023-10-06,9465.0,245.9,15.0,66.0,50.05,
2023-10-07,5300.0,,,,,
2023-10-08,2087.0,,,,,
2023-10-09,16485.0,468.6,56.0,65.0,56.91,
2023-10-10,2638.0,,,,,
2023-10-11,5990.0,,,,,
2023-10-12,4795.0,,,,,
2023-10-13,3494.0,,,,,
2023-10-14,19972.0,444.5,63.0,82.0,60.86,
2023-10-15,7633.0,,,,,
2023-10-16,2422.0,,,,,
2023-10-17,5261.0,,,,,
2023-10-18,5453.0,,,,,
2023-10-19,4600.0,,,,,
2023-10-20,2957.0,,,,,
2023-10-21,5670.0,,,,,
2023-10-22,9451.0,405.9,31.0,67.0,48.18,
2023-10-23,10017.0,284.1,14.0,71.0,45.24,
2023-10-24,4973.0,194.3,9.0,67.0,72.31,
2023-10-25,10869.0,0.2,,,,
2023-10-26,3448.0,,,,,
2023-10-27,23955.0,497.6,55.0,84.0,45.09,
2023-10-28,3216.0,100.4,20.0,,58.72,
2023-10-29,13062.0,383.1,26.0,71.0,48.16,
2023-10-30,12662.0,313.5,22.0,73.0,62.05,
2023-10-31,6654.0,,,,,
2023-11-01,14673.0,418.3,36.0,79.0,54.18,
2023-11-02,11735.0,421.0,27.0,60.0,48.14,
2023-11-03,5852.0,280.6,11.0,73.0,48.48,
2023-11-04,7908.0,5.6,,,57.33,
2023-11-05,8606.0,,,,,
2023-11-06,7531.0,311.9,16.0,73.0,57.88,
2023-11-07,7441.0,329.0,20.0,65.0,62.49,
2023-11-08,2618.0,0.1,,,,
2023-11-09,9160.0,356.8,27.0,82.0,34.73,
2023-11-10,4333.0,250.5,8.0,66.0,61.01,
2023-11-11,9592.0,252.5,10.0,75.0,69.99,
2023-11-12,469.0,10.1,,,,
2023-11-13,786.0,,,,,
2023-11-14,15956.0,205.1,43.0,,,
2023-11-15,36701.0,718.8,104.0,72.0,45.95,
2023-11-16,16459.0,264.3,22.0,,77.04,
2023-11-17,41883.0,740.8,85.0,66.0,72.13,
2023-11-18,18459.0,,,,,
2023-11-19,14179.0,,,,,
2023-11-20,445.0,,,,,
2023-11-21,3811.0,,,,,
2023-11-22,4238.0,,,,,
2023-11-23,5636.0,,,,,
2023-11-24,3967.0,,,,,
2023-11-25,14784.0,269.8,33.0,85.0,93.36,
2023-11-26,495.0,,,,,
2023-11-27,9662.0,286.9,12.0,74.0,44.88,
2023-11-28,11665.0,267.8,13.0,63.0,71.69,
2023-11-29,7701.0,381.1,24.0,68.0,66.92,
2023-11-30,10197.0,355.1,27.0,69.0,52.07,
2023-12-01,7749.0,347.5,15.0,68.0,41.95,
2023-12-02,8067.0,402.0,18.0,69.0,54.24,
2023-12-03,579.0,5.3,,,,
2023-12-04,22277.0,465.2,41.0,76.0,47.73,
2023-12-05,5565.0,,,,,
2023-12-06,7613.0,,,,,
2023-12-07,9048.0,344.5,25.0,55.0,46.74,
2023-12-08,4772.0,266.3,12.0,63.0,60.59,
2023-12-09,5036.0,31.4,,,,
2023-12-10,28114.0,494.3,61.0,67.0,58.18,
2023-12-11,20573.0,424.7,56.0,70.0,61.52,
2023-12-12,5153.0,,,,,
2023-12-13,2395.0,,,,,
2023-12-14,3709.0,,,,,
2023-12-15,5135.0,256.9,5.0,63.0,65.56,
2023-12-16,2688.0,22.5,,54.0,64.87,
2023-12-17,2349.0,,,,,
2023-12-18,14010.0,397.2,12.0,70.0,49.91,
2023-12-19,10727.0,347.7,12.0,65.0,53.55,
2023-12-20,13076.0,1.4,1.0,,,
2023-12-21,9796.0,306.0,8.0,70.0,59.94,
2023-12-22,8795.0,354.8,10.0,69.0,47.41,
2023-12-23,17620.0,545.0,57.0,73.0,54.17,
2023-12-24,14300.0,376.7,26.0,65.0,50.05,
2023-12-25,13948.0,377.9,12.0,67.0,58.55,
2023-12-26,5262.0,261.8,7.0,67.0,52.19,
2023-12-27,9265.0,279.6,8.0,68.0,61.19,
2023-12-28,13617.0,334.8,21.0,73.0,47.5,
2023-12-29,10827.0,348.7,26.0,65.0,58.12,
2023-12-30,6888.0,10.0,1.0,,54.77,
2023-12-31,6355.0,164.6,9.0,66.0,25.23,
2024-01-01,925.0,,,,,
2024-01-02,6031.0,,,,,
2024-01-03,18417.0,504.7,46.0,73.0,36.16,
2024-01-04,10829.0,360.4,21.0,70.0,53.98,
2024-01-05,18751.0,560.1,48.0,63.0,49.13,
2024-01-06,13834.0,427.8,33.0,63.0,55.86,
2024-01-07,6684.0,371.0,25.0,66.0,49.94,
2024-01-08,12446.0,422.6,21.0,54.0,68.09,
2024-01-09,5648.0,339.7,11.0,58.0,68.32,
2024-01-10,11630.0,444.0,27.0,61.0,58.56,
2024-01-11,7890.0,318.9,20.0,55.0,64.91,
2024-01-12,11883.0,250.8,18.0,54.0,67.06,
2024-01-13,8650.0,419.5,21.0,62.0,70.06,
2024-01-14,14752.0,460.7,39.0,58.0,55.05,
2024-01-15,5858.0,303.2,12.0,58.0,51.26,
2024-01-16,10463.0,342.2,11.0,68.0,61.56,
2024-01-17,13189.0,387.6,35.0,59.0,59.2,
2024-01-18,7452.0,351.6,14.0,58.0,57.79,
2024-01-19,11170.0,376.7,25.0,79.0,53.88,
2024-01-20,7088.0,283.2,23.0,54.0,52.86,
2024-01-21,8330.0,55.0,,65.0,88.78,
2024-01-22,10657.0,270.9,22.0,55.0,51.64,
2024-01-23,7665.0,231.0,14.0,59.0,43.06,
2024-01-24,7542.0,239.2,9.0,64.0,58.5,
2024-01-25,12300.0,341.5,22.0,64.0,49.35,
2024-01-26,18009.0,477.6,47.0,67.0,51.45,
2024-01-27,15463.0,380.7,32.0,86.0,55.16,
2024-01-28,18549.0,512.3,51.0,63.0,68.18,
2024-01-29,21801.0,518.1,64.0,67.0,53.45,
2024-01-30,1297.0,120.3,,63.0,52.44,
2024-01-31,14136.0,317.0,26.0,58.0,79.39,
2024-02-01,26946.0,412.2,53.0,90.0,28.89,
2024-02-02,13150.0,247.1,48.0,72.0,57.18,
2024-02-03,2888.0,,,,,
2024-02-04,2317.0,,,,,
2024-02-05,8755.0,187.2,20.0,80.0,45.6,
2024-02-06,4823.0,261.4,12.0,64.0,70.81,
2024-02-07,6199.0,204.4,14.0,59.0,52.12,
2024-02-08,8165.0,202.9,21.0,59.0,51.27,
2024-02-09,5203.0,246.8,11.0,68.0,57.0,
2024-02-10,7913.0,316.8,26.0,64.0,58.82,
2024-02-11,2440.0,200.2,8.0,74.0,39.73,
2024-02-12,8391.0,292.0,20.0,72.0,45.13,
2024-02-13,4111.0,290.9,8.0,66.0,61.81,
2024-02-14,1581.0,6.4,,,41.51,
2024-02-15,4328.0,,,,,
2024-02-16,29817.0,689.3,71.0,67.0,39.24,
2024-02-17,9704.0,74.3,2.0,67.0,44.39,
2024-02-18,17501.0,553.2,64.0,83.0,27.27,
2024-02-19,7148.0,111.8,5.0,64.0,86.68,
2024-02-20,1902.0,,,,,
2024-02-21,5512.0,,,,,
2024-02-22,11108.0,249.4,37.0,62.0,46.74,
2024-02-23,11645.0,364.1,24.0,58.0,54.62,
2024-02-24,5204.0,238.1,10.0,69.0,68.8,
2024-02-25,5926.0,306.5,17.0,58.0,50.64,
2024-02-26,12144.0,347.1,28.0,58.0,55.21,
2024-02-27,3109.0,245.8,7.0,69.0,42.84,
2024-02-28,8410.0,311.2,16.0,55.0,71.56,
2024-02-29,11511.0,278.9,35.0,71.0,40.84,
2024-03-01,4265.0,54.8,,55.0,57.88,
2024-03-02,8293.0,,,,,
2024-03-03,3936.0,,,,,
2024-03-04,5983.0,,,,,
2024-03-05,2746.0,,,,,
2024-03-06,3858.0,,,,,
2024-03-07,4774.0,,,,,
2024-03-08,3949.0,,,,,
2024-03-09,384.0,,,,,
2024-03-10,352.0,,,,,
2024-03-11,612.0,,,,,
2024-03-12,439.0,,,,,
2024-03-13,387.0,,,,,
2024-03-14,409.0,,,,,
2024-03-15,2373.0,,,,,
2024-03-16,741.0,,,,,
2024-03-17,4222.0,8.7,,,35.74,
2024-03-18,11118.0,363.5,34.0,56.0,74.05,
2024-03-19,933.0,69.6,,54.0,48.22,
2024-03-20,10418.0,346.6,33.0,58.0,55.45,
2024-03-21,2872.0,191.3,6.0,55.0,63.02,
2024-03-22,7195.0,211.2,15.0,59.0,59.28,
2024-03-23,5356.0,329.2,14.0,63.0,70.92,
2024-03-24,854.0,131.2,,61.0,71.06,
2024-03-25,13687.0,368.5,32.0,59.0,54.99,
2024-03-26,5960.0,214.0,9.0,51.0,76.61,
2024-03-27,3393.0,6.1,,52.0,59.67,
2024-03-28,3416.0,128.0,6.0,67.0,50.25,
2024-03-29,11994.0,336.7,24.0,68.0,54.57,
2024-03-30,5600.0,295.1,14.0,61.0,66.08,
2024-03-31,383.0,42.8,,54.0,60.4,
2024-04-01,6726.0,246.7,14.0,73.0,36.33,
2024-04-02,16380.0,361.5,28.0,68.0,38.08,
2024-04-03,7355.0,336.9,15.0,67.0,32.61,
2024-04-04,3839.0,6.9,1.0,58.0,45.61,
2024-04-05,7327.0,,,,,
2024-04-06,4433.0,225.3,12.0,67.0,52.24,
2024-04-07,2446.0,,,,,
2024-04-08,12331.0,455.6,41.0,76.0,42.68,
2024-04-09,12579.0,261.7,23.0,59.0,51.32,
2024-04-10,4530.0,,,,,
2024-04-11,2880.0,155.3,6.0,69.0,50.62,
2024-04-12,807.0,2.5,,,,
2024-04-13,1781.0,,,,,
2024-04-14,4267.0,105.4,4.0,79.0,61.92,
2024-04-15,14305.0,312.6,32.0,79.0,35.1,
2024-04-16,3748.0,200.4,12.0,84.0,36.5,
2024-04-17,14933.0,418.7,40.0,71.0,45.41,
2024-04-18,11671.0,335.4,32.0,74.0,28.32,
2024-04-19,426.0,,,,,
2024-04-20,17315.0,456.4,51.0,74.0,39.9,
2024-04-21,7913.0,223.4,38.0,63.0,50.1,
2024-04-22,5011.0,94.6,3.0,81.0,38.76,
2024-04-23,4675.0,247.6,4.0,65.0,44.99,
2024-04-24,14928.0,502.0,33.0,67.0,37.55,
2024-04-25,12601.0,398.0,32.0,67.0,35.83,
2024-04-26,30011.0,567.1,50.0,69.0,50.6,
2024-04-27,12096.0,333.1,24.0,67.0,83.04,
2024-04-28,7455.0,293.5,15.0,66.0,70.76,
2024-04-29,8648.0,398.5,15.0,63.0,59.82,
2024-04-30,9512.0,439.3,18.0,63.0,52.85,
2024-05-01,8367.0,251.3,18.0,59.0,44.36,
2024-05-02,7448.0,253.6,20.0,68.0,47.37,
2024-05-03,627.0,42.3,,51.0,67.81,
2024-05-04,7491.0,177.1,26.0,77.0,30.99,
2024-05-05,8384.0,235.9,19.0,70.0,37.37,
2024-05-06,16113.0,406.7,33.0,60.0,62.52,
2024-05-07,16795.0,465.3,27.0,52.0,52.77,
2024-05-08,4124.0,167.6,11.0,53.0,50.12,
2024-05-09,4120.0,231.0,10.0,71.0,57.01,
2024-05-10,1250.0,,,,,
2024-05-11,7161.0,180.7,10.0,72.0,39.24,
2024-05-12,4011.0,,,,,
2024-05-13,5515.0,223.4,7.0,66.0,47.95,
2024-05-14,6714.0,291.2,19.0,73.0,40.6,
2024-05-15,4600.0,172.5,10.0,71.0,42.23,
2024-05-16,11180.0,171.6,15.0,65.0,61.88,
2024-05-17,15660.0,348.6,47.0,72.0,38.58,
2024-05-18,4956.0,241.3,13.0,72.0,59.4,
2024-05-19,1225.0,3.5,,,52.53,
2024-05-20,4876.0,325.5,9.0,61.0,67.08,
2024-05-21,17918.0,440.3,41.0,63.0,30.95,
2024-05-22,1428.0,213.2,,65.0,53.31,
2024-05-23,6888.0,168.6,11.0,58.0,42.19,
2024-05-24,14416.0,338.1,42.0,79.0,27.19,
2024-05-25,5077.0,229.5,13.0,58.0,51.5,
2024-05-26,12637.0,320.2,44.0,69.0,24.54,
2024-05-27,6169.0,297.7,17.0,72.0,32.23,
2024-05-28,7202.0,254.2,18.0,59.0,44.97,
2024-05-29,525.0,1.5,1.0,,,
2024-05-30,10131.0,373.7,24.0,72.0,42.78,
2024-05-31,1274.0,0.4,,,,
2024-06-01,32457.0,581.1,50.0,73.0,49.57,
2024-06-02,5186.0,3.3,1.0,,,
2024-06-03,1014.0,,,,,
2024-06-04,6801.0,,,,,
2024-06-05,10317.0,205.2,15.0,66.0,63.72,
2024-06-06,4428.0,40.4,,53.0,49.62,
2024-06-07,1761.0,,,,,
2024-06-08,2056.0,,,,,
2024-06-09,8051.0,,,,,
2024-06-10,40366.0,785.0,75.0,66.0,72.06,
2024-06-11,6087.0,1.2,1.0,,,
2024-06-12,36122.0,517.1,77.0,90.0,28.93,
2024-06-13,32143.0,597.0,67.0,72.0,51.92,
2024-06-14,21187.0,168.0,23.0,,,
2024-06-15,27041.0,283.3,54.0,72.0,65.22,
2024-06-16,1508.0,,,,,
2024-06-17,1712.0,,,,,
2024-06-18,8221.0,,,,,
2024-06-19,16213.0,325.6,35.0,73.0,55.66,
2024-06-20,3289.0,265.2,4.0,53.0,72.62,
2024-06-21,4692.0,14.1,,,,
2024-06-22,24859.0,403.0,46.0,68.0,69.72,
2024-06-23,13714.0,297.9,36.0,70.0,51.41,
2024-06-24,7967.0,289.6,7.0,54.0,49.02,
2024-06-25,32520.0,419.9,16.0,58.0,55.02,
2024-06-26,17773.0,223.0,3.0,59.0,73.88,
2024-06-27,16002.0,321.7,6.0,62.0,57.34,
2024-06-28,11944.0,241.5,12.0,63.0,45.79,
2024-06-29,10143.0,,,,,
2024-06-30,1016.0,,,,,
2024-07-01,20584.0,427.7,53.0,88.0,30.88,
2024-07-02,4295.0,125.2,1.0,72.0,61.68,
2024-07-03,2600.0,221.9,,58.0,39.55,
2024-07-04,26604.0,628.6,70.0,84.0,26.8,
2024-07-05,23111.0,579.6,63.0,74.0,45.16,
2024-07-06,13159.0,4.0,,,82.77,
2024-07-07,24312.0,566.3,59.0,73.0,35.54,
2024-07-08,15458.0,332.9,29.0,74.0,52.51,
2024-07-09,15620.0,413.5,43.0,62.0,86.42,
2024-07-10,20201.0,512.8,41.0,70.0,40.12,
2024-07-11,20005.0,509.8,40.0,66.0,51.46,
2024-07-12,1619.0,12.7,1.0,53.0,66.65,
2024-07-13,3015.0,,,,,
2024-07-14,417.0,1.4,1.0,,,
2024-07-15,513.0,0.1,,,,
2024-07-16,21175.0,400.6,51.0,81.0,39.66,
2024-07-17,3980.0,129.9,8.0,54.0,64.22,
2024-07-18,689.0,1.0,1.0,,,
2024-07-19,14293.0,326.4,32.0,90.0,22.52,
2024-07-20,12458.0,241.6,13.0,59.0,43.67,
2024-07-21,5152.0,110.0,8.0,67.0,82.02,
2024-07-22,17114.0,423.7,66.0,69.0,36.05,
2024-07-23,6693.0,149.7,14.0,53.0,77.94,
2024-07-24,8818.0,182.6,16.0,67.0,62.51,
2024-07-25,13279.0,258.7,24.0,68.0,41.91,
2024-07-26,565.0,34.4,,53.0,43.38,
2024-07-27,4677.0,142.5,21.0,,,
2024-07-28,7417.0,120.9,15.0,68.0,42.65,
2024-07-29,22909.0,558.3,85.0,61.0,40.57,
2024-07-30,8075.0,,,,,
2024-07-31,3565.0,,,,,
2024-08-01,462.0,,,,,
2024-08-02,6024.0,,,,,
2024-08-03,3079.0,,,,,
2024-08-04,20309.0,395.5,62.0,,,
2024-08-05,433.0,,,,,
2024-08-06,21448.0,526.4,40.0,58.0,59.84,
2024-08-07,13164.0,276.6,17.0,67.0,59.67,
2024-08-08,9502.0,366.9,13.0,56.0,57.59,
2024-08-09,5790.0,78.3,5.0,,,
2024-08-10,2706.0,,,,,
2024-08-11,16573.0,402.7,40.0,82.0,29.82,
2024-08-12,15613.0,324.4,47.0,70.0,43.3,
2024-08-13,18848.0,444.3,50.0,82.0,26.51,
2024-08-14,3975.0,213.5,3.0,53.0,63.88,
2024-08-15,522.0,,,,,
2024-08-16,676.0,0.2,,,,
2024-08-17,8265.0,191.8,1.0,66.0,57.22,
2024-08-18,4000.0,132.3,3.0,52.0,65.26,
2024-08-19,13808.0,393.5,32.0,67.0,78.37,
2024-08-20,1015.0,100.8,,54.0,69.37,
2024-08-21,1839.0,167.9,1.0,55.0,57.88,
2024-08-22,5188.0,164.3,8.0,71.0,58.64,
2024-08-23,1670.0,159.9,1.0,54.0,81.97,
2024-08-24,620.0,1.1,,,,
2024-08-25,393.0,,,,,
2024-08-26,655.0,,,,,
2024-08-27,743.0,,,,,
2024-08-28,21969.0,395.0,70.0,87.0,39.0,
2024-08-29,2610.0,69.0,3.0,70.0,61.03,
2024-08-30,693.0,,,,,
2024-08-31,28114.0,541.2,53.0,80.0,26.54,
2024-09-01,28023.0,527.4,37.0,72.0,59.79,
2024-09-02,33472.0,683.5,97.0,74.0,46.65,
2024-09-03,34324.0,683.7,47.0,73.0,61.79,
2024-09-04,1978.0,33.4,4.0,,,
2024-09-05,1631.0,,,,,
2024-09-06,27147.0,467.8,80.0,85.0,54.03,
2024-09-07,4681.0,,,,,
2024-09-08,22575.0,434.6,46.0,76.0,39.96,
2024-09-09,4915.0,75.9,,58.0,54.2,
2024-09-10,1899.0,,,,,
2024-09-11,20825.0,418.0,42.0,72.0,23.31,
2024-09-12,5705.0,11.4,,58.0,57.04,
2024-09-13,29304.0,528.4,80.0,80.0,30.27,
2024-09-14,4396.0,232.3,3.0,54.0,57.14,
2024-09-15,4556.0,253.8,3.0,54.0,67.23,
2024-09-16,7620.0,207.7,9.0,63.0,55.87,
2024-09-17,22340.0,540.9,56.0,72.0,36.98,
2024-09-18,18681.0,475.9,40.0,66.0,60.01,
2024-09-19,23247.0,630.6,58.0,58.0,61.15,
2024-09-20,15382.0,320.2,58.0,66.0,49.81,
2024-09-21,7096.0,64.3,1.0,52.0,83.24,
2024-09-22,10500.0,,,,,
2024-09-23,23185.0,512.6,79.0,73.0,46.61,
2024-09-24,42426.0,789.6,115.0,72.0,34.25,
2024-09-25,31073.0,591.7,87.0,63.0,74.66,
2024-09-26,11417.0,339.1,26.0,59.0,71.43,
2024-09-27,15724.0,416.4,51.0,59.0,35.53,
2024-09-28,6307.0,,,,,
2024-09-29,3108.0,,,,,
2024-09-30,17425.0,437.9,43.0,81.0,34.48,
2024-10-01,16556.0,403.2,44.0,62.0,58.35,
2024-10-02,30657.0,649.9,96.0,66.0,40.4,
2024-10-03,10914.0,384.8,34.0,63.0,55.72,
2024-10-04,10162.0,371.2,36.0,60.0,55.66,
2024-10-05,16865.0,249.5,28.0,59.0,56.45,
2024-10-06,2708.0,158.5,3.0,73.0,40.43,
2024-10-07,20920.0,661.0,88.0,63.0,41.02,
2024-10-08,14448.0,417.0,57.0,80.0,41.93,
2024-10-09,12296.0,472.8,47.0,63.0,73.86,
2024-10-10,16086.0,444.1,49.0,57.0,112.91,
2024-10-11,24704.0,582.5,84.0,54.0,53.98,
2024-10-12,4778.0,219.2,19.0,71.0,41.72,
2024-10-13,5781.0,186.1,17.0,49.0,78.35,
2024-10-14,16633.0,441.5,45.0,78.0,44.91,
2024-10-15,17591.0,435.7,65.0,55.0,60.45,
2024-10-16,17810.0,422.8,58.0,53.0,70.48,
2024-10-17,15937.0,301.1,31.0,,,
2024-10-18,4808.0,,,,,
2024-10-19,28741.0,600.6,95.0,79.0,43.02,
2024-10-20,8321.0,222.2,24.0,64.0,74.71,
2024-10-21,15097.0,358.0,31.0,58.0,55.01,
2024-10-22,13448.0,184.1,21.0,69.0,27.26,
2024-10-23,9635.0,319.5,34.0,53.0,71.15,
2024-10-24,14375.0,344.7,38.0,74.0,45.29,
2024-10-25,38459.0,760.3,135.0,59.0,45.95,
2024-10-26,629.0,10.6,,49.0,66.66,
2024-10-27,32217.0,571.5,115.0,80.0,25.93,
2024-10-28,7710.0,189.5,18.0,53.0,49.01,
2024-10-29,6129.0,188.4,24.0,88.0,41.57,
2024-10-30,17189.0,491.9,60.0,59.0,53.71,
2024-10-31,5538.0,6.9,3.0,,,
2024-11-01,12330.0,209.1,17.0,83.0,66.09,
2024-11-02,28953.0,592.6,94.0,58.0,60.35,
2024-11-03,2242.0,149.8,,80.0,56.17,
2024-11-04,17910.0,532.8,64.0,75.0,33.89,
2024-11-05,13229.0,275.2,46.0,73.0,59.34,
2024-11-06,11104.0,424.7,36.0,63.0,53.47,
2024-11-07,12836.0,470.4,46.0,60.0,70.21,
2024-11-08,14528.0,355.7,46.0,78.0,48.8,
2024-11-09,19159.0,488.5,81.0,64.0,76.4,
2024-11-10,10371.0,,,,,
2024-11-11,16003.0,300.2,44.0,71.0,47.29,
2024-11-12,6357.0,124.4,,63.0,83.39,
2024-11-13,6993.0,,,,,
2024-11-14,9312.0,,,,,
2024-11-15,1400.0,,,,,
2024-11-16,8889.0,,,,,
2024-11-17,10307.0,,,,,
2024-11-18,8599.0,,,,,
2024-11-19,13214.0,,,,,
2024-11-20,4555.0,,,,,
2024-11-21,5116.0,,,,,
2024-11-22,6152.0,,,,,
2024-11-23,6801.0,,,,,
2024-11-24,6463.0,,,,,
2024-11-25,11383.0,215.5,23.0,66.0,56.93,
2024-11-26,15378.0,381.4,60.0,55.0,50.07,
2024-11-27,6094.0,57.3,12.0,73.0,40.33,
2024-11-28,6980.0,,,,,
2024-11-29,4961.0,,,,,
2024-11-30,8433.0,,,,,
2024-12-01,16016.0,,,,,
2024-12-02,11761.0,154.2,20.0,84.0,52.93,
2024-12-03,5737.0,346.9,8.0,72.0,38.99,
2024-12-04,2533.0,46.5,,,,
2024-12-05,8051.0,,,,,
2024-12-06,8916.0,226.7,15.0,70.0,65.64,
2024-12-07,28420.0,577.8,88.0,59.0,51.92,
2024-12-08,3949.0,255.8,12.0,78.0,37.87,
2024-12-09,7887.0,462.1,23.0,63.0,57.25,
2024-12-10,16615.0,404.3,38.0,65.0,80.12,
2024-12-11,10395.0,270.8,30.0,59.0,45.95,
2024-12-12,14528.0,508.2,49.0,60.0,55.87,
2024-12-13,16793.0,425.7,62.0,59.0,57.11,
2024-12-14,2486.0,142.8,6.0,62.0,50.83,
2024-12-15,2145.0,,,,,
2024-12-16,6810.0,,,,,
2024-12-17,1737.0,,,,,
2024-12-18,5805.0,,,,,
2024-12-19,4500.0,139.0,,63.0,63.73,
2024-12-20,15540.0,531.6,61.0,54.0,50.72,
2024-12-21,2653.0,18.4,,,,
2024-12-22,14971.0,491.1,36.0,58.0,58.52,
2024-12-23,11751.0,386.3,39.0,,,
2024-12-24,13301.0,322.4,30.0,71.0,40.37,
2024-12-25,17102.0,469.1,53.0,56.0,55.32,
2024-12-26,12965.0,437.2,36.0,63.0,65.37,
2024-12-27,18075.0,456.7,41.0,54.0,56.53,
2024-12-28,15322.0,265.9,49.0,58.0,55.16,
2024-12-29,1235.0,185.7,,68.0,45.47,
2024-12-30,741.0,45.8,,,,
2024-12-31,11294.0,283.8,39.0,74.0,54.03,
2025-01-01,11993.0,296.9,26.0,79.0,,
2025-01-02,6601.0,,,,,
2025-01-03,8735.0,,,,,
2025-01-04,7622.0,,,,,
2025-01-05,11235.0,132.6,26.0,,,
2025-01-06,10049.0,164.6,11.0,,51.14,
2025-01-07,4163.0,239.9,3.0,61.0,53.78,
2025-01-08,20751.0,455.2,72.0,84.0,46.58,
2025-01-09,15850.0,391.7,56.0,65.0,43.91,
2025-01-10,31095.0,646.4,112.0,71.0,37.65,
2025-01-11,10959.0,292.3,41.0,72.0,50.89,
2025-01-12,649.0,,,,,
2025-01-13,12294.0,289.4,39.0,72.0,45.99,
2025-01-14,15333.0,243.8,41.0,59.0,45.15,
2025-01-15,13784.0,282.6,59.0,69.0,53.07,
2025-01-16,8908.0,258.5,31.0,60.0,74.16,
2025-01-17,1420.0,157.0,,58.0,71.89,
2025-01-18,280.0,,,,,
2025-01-19,3750.0,146.0,5.0,66.0,58.61,
2025-01-20,15232.0,254.6,27.0,55.0,69.62,
2025-01-21,21394.0,473.6,51.0,72.0,52.34,
2025-01-22,12971.0,233.7,28.0,59.0,44.35,
2025-01-23,9076.0,,,,,
2025-01-24,11988.0,,,,,
2025-01-25,3397.0,,,,,
2025-01-26,8922.0,68.9,,65.0,61.6,
2025-01-27,14514.0,364.3,27.0,59.0,54.7,
2025-01-28,3544.0,48.4,2.0,,,
2025-01-29,2156.0,,,,,
2025-01-30,1460.0,,,,,
2025-01-31,11432.0,,,,,
2025-02-01,25049.0,434.5,64.0,69.0,46.25,
2025-02-02,14658.0,441.9,40.0,58.0,74.14,
2025-02-03,14433.0,296.6,28.0,,,
2025-02-04,11224.0,355.7,34.0,76.0,57.53,
2025-02-05,29069.0,654.4,123.0,64.0,45.03,
2025-02-06,23875.0,468.2,55.0,68.0,70.49,
2025-02-07,5613.0,191.3,15.0,75.0,35.14,
2025-02-08,8375.0,238.7,12.0,63.0,61.11,
2025-02-09,15249.0,265.9,31.0,56.0,53.4,
2025-02-10,19935.0,521.6,62.0,68.0,35.57,
2025-02-11,12334.0,403.6,36.0,60.0,80.73,
2025-02-12,5376.0,,,,,
2025-02-13,9819.0,399.5,29.0,64.0,50.6,
2025-02-14,18280.0,493.3,66.0,64.0,57.14,
2025-02-15,20399.0,444.7,69.0,64.0,54.98,
2025-02-16,11281.0,301.9,24.0,63.0,67.91,
2025-02-17,10964.0,345.7,31.0,59.0,60.19,
2025-02-18,17965.0,481.2,50.0,70.0,62.59,
2025-02-19,11457.0,357.7,30.0,59.0,64.84,
2025-02-20,13113.0,315.1,41.0,59.0,61.72,
2025-02-21,4103.0,252.0,7.0,63.0,52.52,
2025-02-22,1582.0,132.7,,53.0,73.87,
2025-02-23,8387.0,256.1,24.0,66.0,55.46,
2025-02-24,10015.0,412.4,29.0,58.0,54.29,
2025-02-25,12836.0,316.4,44.0,58.0,58.44,
2025-02-26,8543.0,281.8,19.0,63.0,68.76,
2025-02-27,13140.0,400.8,39.0,58.0,66.7,
2025-02-28,15783.0,429.6,46.0,56.0,69.59,
2025-03-01,3846.0,142.3,10.0,58.0,69.23,
2025-03-02,15346.0,409.9,46.0,53.0,70.21,
2025-03-03,12453.0,432.7,34.0,60.0,63.44,
2025-03-04,17283.0,388.9,48.0,58.0,63.96,
2025-03-05,13654.0,,,,,
2025-03-06,10452.0,344.2,19.0,67.0,47.88,
2025-03-07,13621.0,456.2,37.0,58.0,53.38,
2025-03-08,21368.0,483.2,72.0,59.0,64.6,
2025-03-09,6502.0,13.9,1.0,,,
2025-03-10,9213.0,6.2,1.0,,,
2025-03-11,12935.0,408.8,35.0,53.0,72.52,
2025-03-12,13883.0,346.5,14.0,54.0,50.3,
2025-03-13,18766.0,460.4,52.0,67.0,63.59,
2025-03-14,8471.0,299.5,21.0,53.0,55.19,
2025-03-15,9500.0,226.2,13.0,63.0,62.59,
2025-03-16,6904.0,270.1,20.0,54.0,56.51,
2025-03-17,10889.0,368.7,27.0,63.0,50.42,
2025-03-18,10653.0,223.0,26.0,72.0,37.91,
2025-03-19,15885.0,395.2,40.0,66.0,53.45,
2025-03-20,10980.0,345.1,28.0,70.0,47.75,
2025-03-21,14346.0,385.3,40.0,53.0,60.32,
2025-03-22,15160.0,287.0,34.0,,,
2025-03-23,42204.0,834.5,155.0,70.0,51.97,
2025-03-24,11071.0,161.4,30.0,52.0,42.5,
2025-03-25,16326.0,320.8,45.0,59.0,51.95,
2025-03-26,16901.0,362.0,44.0,56.0,75.58,
2025-03-27,14941.0,331.2,24.0,63.0,67.73,
2025-03-28,17026.0,321.2,36.0,53.0,61.69,
2025-03-29,11807.0,316.3,22.0,69.0,75.67,
2025-03-30,11313.0,318.5,33.0,60.0,57.81,
2025-03-31,15522.0,304.9,51.0,69.0,72.76,
2025-04-01,4596.0,,,,,
2025-04-02,351.0,,,,,
2025-04-03,4755.0,,,,,
2025-04-04,12531.0,396.2,25.0,56.0,68.94,
2025-04-05,8722.0,95.8,10.0,61.0,69.64,
2025-04-06,12867.0,225.7,24.0,68.0,55.43,
2025-04-07,11461.0,282.0,24.0,63.0,42.51,
2025-04-08,12075.0,425.1,35.0,55.0,69.46,
2025-04-09,13733.0,407.5,37.0,58.0,79.64,
2025-04-10,10377.0,324.2,19.0,58.0,65.65,
2025-04-11,13626.0,471.3,40.0,58.0,64.96,
2025-04-12,5620.0,,,,,
2025-04-13,19532.0,238.2,52.0,,,
2025-04-14,18744.0,542.3,61.0,55.0,47.39,
2025-04-15,8633.0,90.0,11.0,66.0,49.96,
2025-04-16,15256.0,374.6,37.0,59.0,83.99,
2025-04-17,13741.0,413.0,42.0,66.0,62.12,
2025-04-18,14018.0,364.3,38.0,54.0,61.76,
2025-04-19,7585.0,296.2,24.0,54.0,52.16,
2025-04-20,7642.0,0.9,,,,
2025-04-21,17793.0,447.2,51.0,59.0,75.59,
2025-04-22,14086.0,447.9,50.0,58.0,66.09,
2025-04-23,15259.0,446.7,40.0,54.0,62.88,
2025-04-24,8676.0,256.3,31.0,59.0,59.3,
2025-04-25,5507.0,328.3,16.0,64.0,43.41,
2025-04-26,14645.0,271.1,15.0,57.0,55.75,
2025-04-27,9142.0,329.2,15.0,58.0,59.34,
2025-04-28,11128.0,345.3,25.0,63.0,62.35,
2025-04-29,8339.0,252.4,24.0,58.0,44.52,
2025-04-30,14597.0,496.7,38.0,59.0,59.89,
2025-05-01,5619.0,294.3,9.0,63.0,62.98,
2025-05-02,29945.0,674.7,92.0,59.0,59.53,
2025-05-03,9519.0,67.1,2.0,73.0,59.13,
2025-05-04,14023.0,444.3,49.0,71.0,58.16,
2025-05-05,13807.0,477.0,43.0,65.0,75.8,
2025-05-06,11071.0,351.9,12.0,59.0,66.0,
2025-05-07,15747.0,479.7,43.0,63.0,72.75,
2025-05-08,14095.0,461.3,36.0,59.0,71.8,
2025-05-09,15059.0,285.4,17.0,57.0,56.5,
2025-05-10,10997.0,211.0,15.0,63.0,66.08,
2025-05-11,30276.0,616.5,77.0,60.0,66.02,
2025-05-12,10221.0,390.1,31.0,59.0,54.38,
2025-05-13,9924.0,345.8,35.0,58.0,59.76,
2025-05-14,14883.0,437.1,34.0,55.0,65.91,
2025-05-15,18797.0,490.3,45.0,54.0,60.08,
2025-05-16,13082.0,193.6,12.0,55.0,48.33,
2025-05-17,11945.0,211.5,19.0,79.0,43.59,
2025-05-18,29948.0,601.3,84.0,62.0,55.61,
2025-05-19,8511.0,301.9,26.0,55.0,62.72,
2025-05-20,12387.0,371.9,32.0,67.0,58.85,
2025-05-21,17398.0,512.8,42.0,64.0,56.85,
2025-05-22,14884.0,322.9,30.0,62.0,64.6,
2025-05-23,3811.0,,,,,
2025-05-24,9860.0,152.0,9.0,67.0,55.02,
2025-05-25,15355.0,426.6,36.0,64.0,71.94,
2025-05-26,4972.0,56.2,,60.0,51.53,
2025-05-27,2838.0,,,,,
2025-05-28,8544.0,,,,,
2025-05-29,7470.0,,,,,
2025-05-30,14839.0,375.4,34.0,69.0,44.62,
2025-05-31,10080.0,330.3,29.0,66.0,56.85,
2025-06-01,15599.0,378.6,47.0,65.0,40.73,
2025-06-02,9049.0,365.8,23.0,63.0,44.23,
2025-06-03,9141.0,195.5,10.0,73.0,48.28,
2025-06-04,10488.0,314.9,24.0,73.0,43.44,
2025-06-05,9916.0,132.0,19.0,,,
2025-06-06,778.0,,,,,
2025-06-07,1027.0,,,,,
2025-06-08,653.0,,,,,
2025-06-09,451.0,,,,,
2025-06-10,2453.0,,,,,
2025-06-11,9414.0,349.8,25.0,63.0,63.73,
2025-06-12,5472.0,,,,,
2025-06-13,6561.0,166.8,13.0,67.0,65.96,
2025-06-14,3415.0,184.3,7.0,55.0,59.31,
2025-06-15,1545.0,,,,,
2025-06-16,24956.0,500.1,87.0,84.0,30.84,
2025-06-17,1206.0,65.6,,55.0,56.52,
2025-06-18,21484.0,509.1,66.0,67.0,37.48,
2025-06-19,664.0,,,,,
2025-06-20,781.0,,,,,
2025-06-21,9936.0,298.9,14.0,76.0,83.6,
2025-06-22,4087.0,27.0,,68.0,47.34,
2025-06-23,11507.0,187.7,18.0,,,
2025-06-24,6196.0,,,,,
2025-06-25,1597.0,,,,,
2025-06-26,35775.0,625.1,70.0,72.0,39.67,
2025-06-27,34220.0,555.3,65.0,72.0,47.12,
2025-06-28,35300.0,687.9,103.0,77.0,35.59,
2025-06-29,36193.0,609.4,56.0,80.0,32.07,
2025-06-30,24013.0,527.9,69.0,72.0,55.77,
2025-07-01,15498.0,389.3,31.0,73.0,53.29,
2025-07-02,44939.0,705.5,89.0,73.0,31.6,
2025-07-03,50012.0,741.9,94.0,,,
2025-07-04,13605.0,41.8,3.0,,,
2025-07-05,7025.0,,,,,
2025-07-06,9090.0,242.5,24.0,80.0,45.51,
2025-07-07,17978.0,135.1,7.0,63.0,64.5,
2025-07-08,3389.0,65.1,2.0,65.0,68.65,
2025-07-09,14058.0,431.5,29.0,60.0,100.6,
2025-07-10,28935.0,429.3,24.0,66.0,56.87,
2025-07-11,49269.0,781.7,110.0,63.0,65.07,
2025-07-12,47981.0,892.4,119.0,72.0,43.05,
2025-07-13,31530.0,634.7,72.0,79.0,46.94,
2025-07-14,35449.0,666.9,99.0,72.0,46.99,
2025-07-15,28252.0,507.4,59.0,62.0,46.82,
2025-07-16,5984.0,47.1,1.0,71.0,57.59,
2025-07-17,2433.0,130.9,3.0,72.0,58.01,
2025-07-18,37681.0,615.0,80.0,77.0,37.56,
2025-07-19,6226.0,140.8,4.0,76.0,,
2025-07-20,17536.0,435.1,51.0,72.0,23.44,
2025-07-21,17004.0,356.2,28.0,68.0,66.09,
2025-07-22,36126.0,500.7,43.0,54.0,67.09,
2025-07-23,18211.0,,,,,
2025-07-24,30434.0,551.5,67.0,73.0,54.41,
2025-07-25,6160.0,67.9,2.0,55.0,44.36,
2025-07-26,2656.0,,,,,
2025-07-27,4926.0,,,,,
2025-07-28,1410.0,,,,,
2025-07-29,35370.0,637.8,63.0,80.0,38.38,
2025-07-30,7339.0,153.9,9.0,95.0,33.02,
2025-07-31,19279.0,226.4,9.0,72.0,46.38,
2025-08-01,33492.0,590.2,59.0,81.0,47.48,
2025-08-02,31198.0,391.7,33.0,74.0,57.95,
2025-08-03,43971.0,668.8,37.0,79.0,42.38,
2025-08-04,21319.0,185.4,22.0,62.0,50.74,
2025-08-05,15302.0,,,,,
2025-08-06,15754.0,249.3,26.0,88.0,65.89,
2025-08-07,18449.0,,,,,
2025-08-08,22666.0,,,,,
2025-08-09,11589.0,8.9,,66.0,60.85,
2025-08-10,21454.0,489.7,9.0,67.0,51.36,
2025-08-11,10369.0,37.0,,,39.45,
2025-08-12,969.0,,,,,
2025-08-13,1045.0,,,,,
2025-08-14,2328.0,,,,,
2025-08-15,19687.0,,,,,
2025-08-16,4622.0,205.2,9.0,61.0,52.36,
2025-08-17,8507.0,295.9,23.0,59.0,55.51,
2025-08-18,1942.0,14.0,,55.0,60.85,
2025-08-19,7778.0,264.0,19.0,68.0,45.56,
2025-08-20,7663.0,264.9,32.0,58.0,56.52,
2025-08-21,876.0,,,,,
2025-08-22,1979.0,,,,,
2025-08-23,8664.0,,,,,
2025-08-24,1047.0,,,,,
2025-08-25,2008.0,,,,,
2025-08-26,6127.0,,,,,
2025-08-27,1042.0,,,,,
2025-08-28,9297.0,,,,,
2025-08-29,1625.0,,,,,
2025-08-30,1149.0,,,,,
2025-08-31,12022.0,,,,,
2025-09-01,699.0,,,,,
2025-09-02,8661.0,,,,,
2025-09-03,7255.0,,,,,
2025-09-04,3091.0,,,,,
2025-09-05,1357.0,,,,,
2025-09-06,2196.0,,,,,
2025-09-07,2340.0,,,,,
2025-09-08,2637.0,,,,,
2025-09-09,2312.0,,,,,
2025-09-10,6788.0,,,,,
2025-09-11,271.0,,,,,
2025-09-12,492.0,,,,,
2025-09-13,8512.0,,,,,
2025-09-14,470.0,,,,,
2025-09-15,2393.0,,,,,
2025-09-16,335.0,,,,,
2025-09-17,284.0,,,,,
2025-09-18,7589.0,,,,,
2025-09-19,893.0,,,,,
2025-09-20,2674.0,,,,,
2025-09-21,727.0,,,,,
2025-09-22,3746.0,,,,,
2025-09-23,4793.0,,,,,
2025-09-24,5866.0,,,,,
2025-09-25,10191.0,,,,,
2025-09-26,10539.0,,,,,
2025-09-27,1931.0,,,,,
2025-09-28,5896.0,,,,,
2025-09-29,8429.0,,,,,
2025-09-30,6969.0,,,,,
2025-10-01,9602.0,,,,,
2025-10-02,7402.0,,,,,
2025-10-03,5917.0,,,,,
2025-10-04,4796.0,,,,,
2025-10-05,6698.0,,,,,
2025-10-06,8784.0,,,,,
2025-10-07,14436.0,,,,,
2025-10-08,6016.0,,,,,
2025-10-09,4957.0,,,,,
2025-10-10,5254.0,,,,,
2025-10-11,8292.0,,,,,
2025-10-12,11102.0,,,,,
2025-10-13,7285.0,,,,,
2025-10-14,10609.0,,,,,
2025-10-15,7802.0,,,,,
2025-10-16,8774.0,,,,,
2025-10-17,6493.0,,,,,
2025-10-18,6603.0,,,,,
2025-10-19,8280.0,,,,,
2025-10-20,5165.0,,,,,
2025-10-21,10900.0,,,,,
2025-10-22,7696.0,,,,,
2025-10-23,5610.0,,,,,
2025-10-24,5182.0,,,,,
2025-10-25,2537.0,,,,,
2025-10-26,10464.0,,,,,
2025-10-27,6009.0,,,,,
2025-10-28,6171.0,,,,,
2025-10-29,3740.0,,,,,
2025-10-30,8278.0,,,,,
2025-10-31,7695.0,,,,,
2025-11-01,398.0,,,,,
2025-11-02,13069.0,,,,,
2025-11-03,6234.0,,,,,
2025-11-04,8074.0,,,,,
2025-11-05,9075.0,,,,,
2025-11-06,5244.0,,,,,
2025-11-07,5389.0,,,,,
2025-11-08,7307.0,,,,,
2025-11-09,4879.0,,,,,
2025-11-10,4694.0,,,,,
2025-11-11,5634.0,,,,,
2025-11-12,6555.0,,,,,
2025-11-13,3862.0,,,,,
2025-11-14,4981.0,,,,,
2025-11-15,2803.0,,,,,
2025-11-16,11659.0,,,,,
2025-11-17,4076.0,,,,,
2025-11-18,4257.0,,,,,
2025-11-19,4797.0,,,,,
2025-11-20,3800.0,,,,,
2025-11-21,4675.0,,,,,
2025-11-22,4498.0,,,,,
2025-11-23,4873.0,,,,,
2025-11-24,4698.0,,,,,
2025-11-25,7482.0,,,,,
2025-11-26,3997.0,,,,,
2025-11-27,6794.0,,,,,
2025-11-28,9361.0,,,,,
2025-11-29,927.0,,,,,
2025-11-30,6676.0,,,,,
2025-12-01,2578.0,,,,,
2025-12-02,3805.0,,,,,
2025-12-03,7773.0,,,,,
2025-12-04,5936.0,,,,,
2025-12-05,4221.0,,,,,
2025-12-06,704.0,,,,,
2025-12-07,2833.0,,,,,
2025-12-08,5139.0,,,,,
2025-12-09,4420.0,,,,,
2025-12-10,4325.0,,,,,
2025-12-11,6700.0,,,,,
2025-12-12,6129.0,,,,,
2025-12-13,5555.0,,,,,
2025-12-14,4450.0,,,,,
2025-12-15,2572.0,,,,,
2025-12-16,3296.0,,,,,
2025-12-17,3305.0,,,,,
2025-12-18,5105.0,,,,,
2025-12-19,6033.0,,,,,
2025-12-20,3523.0,,,,,
2025-12-21,3081.0,,,,,
2025-12-22,2334.0,,,,,
2025-12-23,12360.0,,,,,
2025-12-24,2487.0,,,,,
2025-12-25,2130.0,,,,,
2025-12-26,4219.0,,,,,
2025-12-27,3711.0,,,,,
2025-12-28,3376.0,,,,,
2025-12-29,1690.0,,,,,
2025-12-30,11580.0,,,,,
2025-12-31,7225.0,,,,,
2026-01-01,2319.0,,,,,
2026-01-02,3273.0,,,,,
2026-01-03,3421.0,,,,,
2026-01-04,3747.0,,,,,
2026-01-05,2525.0,,,,,
2026-01-06,1293.0,,,,,
2026-01-07,2689.0,,,,,
2026-01-08,3628.0,,,,,
2026-01-09,3510.0,,,,,
2026-01-10,3893.0,,,,,
2026-01-11,3776.0,,,,,
2026-01-12,1964.0,,,,,
2026-01-13,8877.0,,,,,
2026-01-14,8285.0,,,,,
2026-01-15,3632.0,,,,,
2026-01-16,5056.0,,,,,
2026-01-17,372.0,,,,,
2026-01-18,410.0,,,,,
2026-01-19,5403.0,,,,,
2026-01-20,853.0,,,,,
2026-01-21,2058.0,,,,,
2026-01-22,315.0,,,,,
2026-01-23,2436.0,,,,,
2026-01-24,174.0,,,,,
2026-01-25,1129.0,,,,,
2026-01-26,402.0,,,,,
2026-01-27,311.0,,,,,
2026-01-28,629.0,,,,,
2026-01-29,2357.0,,,,,
2026-01-30,5714.0,,,,,
2026-01-31,1007.0,,,,,
2026-02-01,1750.0,,,,,
2026-02-02,1740.0,,,,,
2026-02-03,2660.0,,,,,
2026-02-04,4908.0,,,,,
2026-02-05,2268.0,,,,,
2026-02-06,6138.0,,,,,
2026-02-07,1025.0,,,,,
2026-02-08,639.0,,,,,
2026-02-09,7390.0,,,,,
2026-02-10,3773.0,,,,,
2026-02-11,3669.0,,,,,
2026-02-12,371.0,,,,,
2026-02-13,5406.0,,,,,
2026-02-14,9602.0,,,,,
2026-02-15,6343.0,,,,,
2026-02-16,7300.0,,,,,
2026-02-17,7584.0,,,,,
2026-02-18,6405.0,,,,,
2026-02-19,7193.0,,,,,
2026-02-20,7544.0,,,,,
2026-02-21,1014.0,,,,,
2026-02-22,8092.0,,,,,
2026-02-23,17006.0,,,,,
2026-02-24,10536.0,,,,,
2026-02-25,11963.0,,,,,
2026-02-26,13480.0,,,,,
2026-02-27,11840.0,,,,,
2026-02-28,8859.0,,,,,
2026-03-01,8551.0,,,,,
2026-03-02,14333.0,,,,,
2026-03-03,2848.0,,,,,
2026-03-04,9690.0,,,,,
2026-03-05,5704.0,,,,,
2026-03-06,8235.0,,,,,
2026-03-07,804.0,,,,,
2026-03-08,5745.0,,,,,
2026-03-09,7223.0,,,,,
2026-03-10,3703.0,,,,,
2026-03-11,3045.0,,,,,
2026-03-12,6623.0,,,,,
2026-03-13,6968.0,,,,,
2026-03-14,12762.0,,,,,
2026-03-15,2171.0,,,,,
2026-03-16,6586.0,,,,,
2026-03-17,2796.0,,,,,
2026-03-18,5561.0,,,,,
2026-03-19,2161.0,,,,,
2026-03-20,9692.0,,,,,
2026-03-21,4212.0,,,,,
2026-03-22,7078.0,,,,,
2026-03-23,11663.0,,,,,
2026-03-24,4149.0,,,,,
2026-03-25,6174.0,,,,,
2026-03-26,7030.0,,,,,
2026-03-27,4710.0,,,,,
2026-03-28,8039.0,,,,,
2026-03-29,3682.0,,,,,
2026-03-30,4401.0,,,,,
2026-03-31,2731.0,,,,,
